title,company,location
Senior/Expert Full-Stack Cloud Engineer (f/m/d) for SAP Signavio Process Insights,SAP SE,"Berlin, DE, 10557"
Fullstack Engineer - Mobile (m/f/d),EGYM GmbH,"München, Berlin"
"Full Stack Software Engineer-German, first language (f/m/d)",wefox Germany GmbH,"Berlin, Germany"
Full Stack Engineer (all genders),LOVOO GmbH,"Dresden, Berlin, Hamburg"
Java (Backend / Full Stack) Software Engineer (m/w/d),Computer Futures,"Frankfurt am Main, Hamburg, München, Hannover, Köln, Berlin, Düsseldorf, Stuttgart"
Full Stack Developer (m/w/d),Statista GmbH,"Hamburg, Berlin"
Lead Developer/Full Stack Engineer (m/w/d),Cornelsen Verlag GmbH,Berlin
Fullstack-Entwickler Web C#/.NET (m/w/d),conplement AG,"Nürnberg, Dortmund, Frankfurt, Stuttgart, Berlin, Leipzig, Köln, Bundesweit, Remote"
Full Stack Developer Identity Management (w/m/d),EDEKA DIGITAL GmbH,"Berlin, Mannheim, Hamburg"
Full Stack Developer (w/m/d),Bundesinstitut für Risikobewertung,Berlin
Java Full Stack Developer (all genders),Accenture,"Berlin, Dresden, München"
Full-Stack Developer/in (w/m/d) ML/AI-Implementation,SAMSON KT-Elektronik GmbH,Berlin-Steglitz
Full-Stack MES-Entwickler*in – Manufacturing Execution System (MES) / Reinräume,Fraunhofer-Institut für Integrierte Schaltungen IIS,"Berlin, Dresden, München, Chemnitz, Freiburg, Erlangen, Nürnberg, Duisburg, Itzehoe"
Fullstack-Entwickler Java (m/w/d),top itservices AG,"Hamburg, Berlin, Home-Office"
Java Full Stack Developer (m/w/d),BARMER,"bundesweit, Schwäbisch Gmünd, Wuppertal, Berlin"
Senior Backend-Web-Entwickler – Senior Web-Entwickler Backend / Senior Backend Developer / Senior Backend Software Engineer bzw. Senior Full Stack Developer (w/m/d),Interhome Group,"Freiburg, Berlin, Hamburg, Hannover, Köln, Frankfurt, Karlsruhe, Stuttgart, München, Nürnberg, Jena"
Web Full Stack Software Developer - Frontend (w/m/d),VGV Verwaltungsgesellschaft für Versorgungswerke mbH,Berlin
Full Stack Entwickler (m/w/d),Babiel GmbH,"Düsseldorf, Berlin"
Full Stack Web Developer / Software Entwickler (d/m/w),VDI/VDE Innovation + Technik GmbH,"Berlin, Dresden, München, Stuttgart, Erfurt"
"Junior Web-Entwickler – Frontend-Entwickler CSS JavaScript, Front End Developer Vue.js, Backend-Web-Entwickler / Web Developer (Informatiker, Wirtschaftsinformatiker), Full-Stack-Webentwickler (w/m/d)",Interhome Group,"Freiburg, Berlin, Hamburg, Hannover, Köln, Frankfurt, Karlsruhe, Stuttgart, München, Nürnberg, Jena"
Fullstack Entwickler (m/w/d),mgm technology partners GmbH,"Aachen, Bamberg, Berlin, Dresden, Hamburg, Köln, Leipzig, München, Nürnberg, Stuttgart"
Full Stack Developer (all genders),adesso SE,"​Berlin, Bremen, Dresden, Hamburg, Jena, Kiel, Leipzig, Neumünster, Potsdam, Rostock, Stralsund​"
Java Softwareentwickler (m/w/d) - Java Fullstack Developer,Ratbacher GmbH,"Dresden, Bielefeld, Düsseldorf, Berlin, Bad Homburg"
Software Developer w/m/d Fullstack,Computacenter AG & Co. oHG,"Köln, Hannover, Hamburg, Nürnberg, Frankfurt, München, Berlin, Dortmund, Essen, Düsseldorf"
Senior Full Stack Engineer (all genders),Exxeta AG,"Karlsruhe, Berlin, Braunschweig, Frankfurt am Main, Hamburg, Leipzig, Mannheim, München, Nürnberg"
